,content,id,lat,location,lon,time,user,user_id
0,The lining of this 3 piece ensemble is silk (of course) and you will notice the matching vest has a full wool backi‚Ä¶ https://t.co/2Mh2E9H1Cr,972240618637406209,,"Boston,MA",,2018-03-09 22:40:01,BioProtean,47269639
1,My keen sartorial eye can spot a bespoke suit instantly. Notice the hand finished FUNCTIONAL button holes on the sl‚Ä¶ https://t.co/sUVJ5wk8Rs,972238388924502017,,"Boston,MA",,2018-03-09 22:31:09,BioProtean,47269639
2,Giving feedback to the teams. @LISC_BOSTON. https://t.co/4tiMj9xtqw,972235270354546688,,The BURY,,2018-03-09 22:18:46,karlz617,104489166
3,Oh boyyyyyy! It looks like @neverfal_ stole jonmarcantonio wig in preparations for next weeks‚Ä¶ https://t.co/Frj8kd0z9i,972234984760184832,-71.0955,"Boston,MA",42.34734,2018-03-09 22:17:38,MeggieBATC,21820170
4,@Hazukari Aw crap,972232046679613440,,02139,,2018-03-09 22:05:57,hoover_dam,35197742
5,The snow is melting and the sun has peeked her head through the clouds... it‚Äôs Friday! Come on‚Ä¶ https://t.co/9OygNClTD3,972230552152657921,-71.09686,"CENTRAL SQ., Cambridge, MA",42.36117,2018-03-09 22:00:01,centralbtlwine,59888158
6,Aquela sofr√™nciaaaaaaa ‚ô•Ô∏è @ZNC_Oficial @ House of Blues Boston https://t.co/FrAQEwPsAb,972229953965215745,-71.0955,"Lowell, MA",42.34734,2018-03-09 21:57:38,mandinovais,49045662
7,@ggiulia Mandar um email perguntando o que aconteceu? Problema de fuso hor√°rio?,972225337626103809,,"Boston,MA",,2018-03-09 21:39:18,guischmitt,11550142
8,Our team in Collective Learning group in MIT Media Lab https://t.co/tlBIQwxWnE,972222513072738304,,"New York, USA",,2018-03-09 21:28:04,habidatum,2458511030
9,The front of 1 Silber Way @BUQuestrom. @BU_Tweets @bualumni  #BU #Boston @universalhub https://t.co/9Ra6Dqvmyy,972222379123494912,,"Everett, MA",,2018-03-09 21:27:32,JaredMay76,238178896
10,I made it i left at 6am from Baltimore.  I couldn't go to the hotel‚Ä¶ https://t.co/LYVIH2H3XU,972220808260210688,-71.0955,earth,42.34734,2018-03-09 21:21:18,db1cg,20532803
11,"R I P
.
.
.
#photography 
#cigarette 
#architecture 
#blackandwhitephoto @ Boston Architectural‚Ä¶ https://t.co/jB8J6Q0vJ8",972218002031640576,-71.0857599,"Massachusetts, USA",42.34847,2018-03-09 21:10:09,wamkabir,151383981
12,Scrolling through your Insta feed looking for dinner plan inspo and thenüí•BOOMüí•Spicy Thai street‚Ä¶ https://t.co/zPbwDe5qcP,972217983224500224,-71.10154,"Boston,MA",42.3642899,2018-03-09 21:10:04,LittleDonkeyBos,709497866130231296
13,In 4 hrs: Anti-Folk but Pro-Equality: Frankie Cosmology on WMBR's Spelunking Program,972215452586962945,-71.083889,"Cambridge, MA",42.362222,2018-03-09 21:00:01,wmbr,15673749
14,I'm so exciteddddddddd!!!!!!!!! omdhq @db1cg @stukershaw @ House of Blues Boston https://t.co/tLpYmnDpiE,972215367446810625,-71.0955,boston,42.34734,2018-03-09 20:59:41,strangeasang3ls,22862869
15,"#LagunitasIPA #LittleSumpinSumpinAle (at @LittleSteves Pizzeria in Boston, MA) https://t.co/4bUOPBXU3L https://t.co/vkF1V6x50Y",972213775108632576,-71.08871448,"Roxbury, MA",42.3469659,2018-03-09 20:53:21,ENIGMUE,55633313
16,"There might be snow on the ground but spring is around the corner. Stinging nettle malfatti,‚Ä¶ https://t.co/kzMocQVqOP",972213376398000130,-71.0949,"Boston,MA",42.36873,2018-03-09 20:51:46,mtthwbullock,755194253479936001
17,"üçñüçñüçñDaydreaming about today‚Äôs lunch at @EatalyBoston‚Äôs Terra! Veal breast with smoky kale, studded with olives. So.‚Ä¶ https://t.co/owNxOPFdiu",972212854974709761,,"Boston,MA",,2018-03-09 20:49:42,thehungrymouse,16696981
18,The man himself... #masterclass #berklee #walkingbass #doublebass #uprightbass #jazz‚Ä¶ https://t.co/oSTh0jX02v,972212218845716483,-71.08705233,"Boston,MA",42.34705943,2018-03-09 20:47:10,GreenMouziqe,4847142340
19,"ü§ûüèø (@ Hunt's Photo &amp; Video in Boston, MA) https://t.co/ocOjeve5xz",972208470366785536,-71.0959473,"Roxbury, MA",42.34858748,2018-03-09 20:32:16,ENIGMUE,55633313
20,On est en train d'√©tudier Windows serveur 2016. √† Massachusetts Institute of Technology (MIT) https://t.co/ehm7QYbcXY,972201948870045697,-71.09167506,"Montr√©al, Qu√©bec",42.35912365,2018-03-09 20:06:21,Waseda1882,1727725909
21,They‚Äôre good eggs. @ Boston Conservatory at Berklee https://t.co/j4tIkVO25l,972197408493973504,-71.08998,"Massachusetts, USA",42.34614,2018-03-09 19:48:19,MarekKrawczyk,14772808
22,BOSTON RUNNERS: @tracksmith now has @NTRecovery pants available during store hours until Boston. Free to all runner‚Ä¶ https://t.co/RzqSQ3w9fx,972189841692733440,,"Boston,MA",,2018-03-09 19:18:15,LouisSerafini,1387712342
23,THU MAR/15: Don't miss the on-campus screening by @MITListArts of this important #film about #women's reproductive‚Ä¶ https://t.co/mner6zeY8O,972189068439191552,,"Cambridge, MA",,2018-03-09 19:15:10,SecularMIT,783629079966867456
24,#mltalks required reading Snow Crash and Diamond Age @ MIT Media Lab https://t.co/5Kyae4A7pw,972187132310839296,-71.0875,"iPhone: 42.399338,-71.302673",42.36021,2018-03-09 19:07:29,davidrose,6034992
25,Presenting a fascinating clinical vignette poster at #sgimne18 #va #bmc @BMCimRES https://t.co/wfFBAP9q6N,972186112155414528,,"Boston,MA",,2018-03-09 19:03:26,ameiri18,294839472
26,Nettle pillow #nettlepillow #notahashtag #nettlecheese bondircambridge @ Bondir Restaurant https://t.co/217HGc8VRF,972185878822039553,-71.0977599,"Cambridge, MA",42.36829,2018-03-09 19:02:30,jwadebond,118948695
27,"In 4 hrs: Women, History, and Freedom on WMBR's What's Left Program",972185256550977536,-71.083889,"Cambridge, MA",42.362222,2018-03-09 19:00:02,wmbr,15673749
28,"MIT Sloan Healthcare &amp; BioInnovations Conference today! Personalized medicine is getting closer and closer every day.
#hope",972185087000416262,,"Portsmouth, New Hampshire",,2018-03-09 18:59:21,stefanyshaheen,76122284
29,"And on some Friday‚Äôs, your often thankless work is full of thanks...‚Ä¶ https://t.co/YX4uWhFCMh",972184596082171904,-71.08705233,"Boston,MA",42.34705943,2018-03-09 18:57:24,cdivas1028,153971584
31,"VERY excited to see @SkinnyLister back at the @MidEastClub in Cambridge, Mass. tomorrow. If you‚Ä¶ https://t.co/wMQuDPifoS",972174764432412672,-71.10143,"Massachusetts, USA",42.36386,2018-03-09 18:18:20,FatCityMagazine,3226596676
32,Do you have your $13 ticket for this weekend yet?!? Link in bio! #DanceHappensHere #Repost‚Ä¶ https://t.co/IDwGj6DX5p,972174523645743106,-71.10233,536 Mass Ave. Cambridge MA,42.36419,2018-03-09 18:17:23,DanceComplex,2218022312
33,Absolutely phenomenal OSA symposium! @ Boston University https://t.co/b2ceVjyBjn,972172077284446209,-71.09953,"Windsor, CT",42.34958,2018-03-09 18:07:39,SLipmanMusic,234614980
34,"Boston, mixing architectures.

#MIT #BerkleeCollegeOfMusic https://t.co/pqYeYhA9Tc",972170048960856064,,"New York, NY",,2018-03-09 17:59:36,ciresirch,568397871
35,@Bowsnonk https://t.co/6i9o3OVpBe,972169382712561664,,02139,,2018-03-09 17:56:57,hoover_dam,35197742
36,"@BRUBromley Disproportionately discriminates against women/families, and makes it a huge drag for people coming via‚Ä¶ https://t.co/F7ZFCRMAU2",972168555365109760,,02139,,2018-03-09 17:53:40,hoover_dam,35197742
37,BACK BAY IS NOW ON YOUTUBE! (Link in bio) @ Berklee College of Music https://t.co/XHeBCjFNCS,972166392912007170,-71.08705233,New York,42.34705943,2018-03-09 17:45:04,chrisgrantjr,96388670
38,happy birdhat @clint_dempsey,972166001902145536,,02139,,2018-03-09 17:43:31,hoover_dam,35197742
39,https://t.co/W61jB2c784,972161093320806401,,,,2018-03-09 17:24:01,geep9,28477466
40,"‚ÄúSiri, where can I get my Swedish car fixed by a guy in a turban?‚Äù https://t.co/RZT2lRna0M",972159985080852480,,02139,,2018-03-09 17:19:36,hoover_dam,35197742
41,"Snow on the ground, hot coffee in my hand. Still living my best life. üòçüòçüòç https://t.co/3TdYWzLVs3",972159371881975808,,"Phoenix, AZ",,2018-03-09 17:17:10,perricollins,14192726
42,"I'm at LydDon's Lair in Cambridge, Massachusetts https://t.co/pneh3MdEnc",972158094703808513,-71.08931442,"Somerville, MA",42.37290926,2018-03-09 17:12:06,el_digital_don,46735658
44,"Hello, Boston! @ House of Blues Boston https://t.co/TjwZfRHu7v",972146201972834304,-71.0955,"London, New York ",42.34734,2018-03-09 16:24:50,ChickyandCoco,2735384563
45,@NERevolution https://t.co/uKhEaLbnvi,972145947902988290,,02139,,2018-03-09 16:23:50,hoover_dam,35197742
46,11-6. When hippos are upset their sweat turns red; no hippos were harmed üí•for this‚Ä¶ https://t.co/BUkHtbbwpB,972145324335738880,-71.0986961,"Cambridge, MA",42.3626014,2018-03-09 16:21:21,abidecambridge,867397423831896065
47,"Grilled vegetable pizzas for lunch today @catalyst_cafe 

#cambridge #mit #bostonfoodies‚Ä¶ https://t.co/hugAY1nv55",972143513390501889,-71.08014,"Cambridge, MA",42.36567,2018-03-09 16:14:09,williamkovel,88308675
48,"@LammaticHama Oh that‚Äôs good, thanks",972141132858654720,,02139,,2018-03-09 16:04:42,hoover_dam,35197742
49,Join the Massachusetts Institute of Techn... team! See our latest #job opening here: https://t.co/uJbdaneXEH #IT‚Ä¶ https://t.co/b0onWt4aGQ,972140663151116288,-71.1032591,"Boston,MA",42.3647559,2018-03-09 16:02:50,tmj_bos_itmgmt,106009252
50,"TONIGHT: Grassfed Disco #20: Locally Sourced, 100% Natural ft. H2H, Tom McKeon, &amp; Flow Trigger! Rsvp:‚Ä¶ https://t.co/XGTyCC5uRs",972140233553739777,,"Cambridge, MA 02139",,2018-03-09 16:01:07,zuzubar,54668956
51,"Exciting news! I‚Äôll be hosting a phone food photography workshop at @Go_PAGU on Sunday, March 25‚Ä¶ https://t.co/ObjUWH1ykC",972130822076751872,-71.0984794,"Boston,MA",42.3621377,2018-03-09 15:23:43,wanderingboseat,2388106525
52,#its500oclocksomewhere #cbtastings These are the four wines (and some vodka we thinks) Sam‚Ä¶ https://t.co/vwv5pA0VtO,972128280315867137,-71.09686,"CENTRAL SQ., Cambridge, MA",42.36117,2018-03-09 15:13:37,centralbtlwine,59888158
53,it‚Äôs true. it‚Äôs ol‚Äô General George https://t.co/HzN55MmYhA,972122535042134016,,"Denver, CO",,2018-03-09 14:50:48,MileHighCape,55160871
54,"Perfect your craftüëå, make the difference for someone today!ü§ò

#AlwaysBeKind #ArcherLink‚Ä¶ https://t.co/FjeAaK1I3v",972119457933021184,-71.0853523,"Boston,MA",42.3626831,2018-03-09 14:38:34,CAndresG93,261986843
55,"24 Hours for the Lord: Adoration &amp; Confession @ Saint Anthony, Cambridge. Fri. now until Midnight, Sat. Mass @ 8:00‚Ä¶ https://t.co/KEd2lfwkc6",972111091873566725,,"Cambridge, MA",,2018-03-09 14:05:19,FatherWalter,164748953
56,Congratulations to Amy Perez who won the MA DECA t-shirt design contest! https://t.co/u5INh73305,972110956313677824,,"Taunton, MA",,2018-03-09 14:04:47,DecaTHS,2756678538
57,Our new band name #internationalwomensday üå∏üí™üåºüí™üå∏ @ Lucky Strike https://t.co/0b7Fjb7TD0,972108324694052867,-71.09449,BOS / ROSLINDALE ,42.34732,2018-03-09 13:54:20,mmm_jackiez,25773351
58,"why are we writing columns about this at all, let alone before the season https://t.co/1IyQ075cex",972104989488373760,,"Cambridge, MA",,2018-03-09 13:41:04,Moomoomoo1,23379347
59,"So much plant-based love üíö in one place. 
‚Ä¢
‚Ä¢
Read more of my @happycow veggie blog post of the‚Ä¶ https://t.co/DJa72Pminl",972102658218639360,-71.1056434,"Krems an der Donau, √ñsterreich",42.36664779,2018-03-09 13:31:49,LaceyGibsonYoga,603973358
61,"Print your nostalgic pictures.

Leica Q / Summilux 28 / 1/125 / f11 / ISO100

#shootonaleica @‚Ä¶ https://t.co/8WNiFSCGSm",972098357312225281,-71.0971914,"Long Island, NY",42.34644218,2018-03-09 13:14:43,sjbuchbinder,34347900
62,"Reflecting on last evening's gluttony @BisqCambridge, but, wow, especially beautiful and delicious, @AlexRSaenz. üôåüèª https://t.co/QEiEmvzJHa",972094317597732865,,,,2018-03-09 12:58:40,JennBlazejewski,1337454494
63,#Celtics clinch a #playoff spot! Great job by the #team Excited for the Playoffs celtics‚Ä¶ https://t.co/xQzCI62PjD,972094090304196608,-71.09953,"Massachusetts, USA",42.34958,2018-03-09 12:57:46,jimzervos1,857386491441446912
64,In 10 mins: Women Who Rock on WMBR's Breakfast of Champions Program,972092141718659073,-71.083889,"Cambridge, MA",42.362222,2018-03-09 12:50:01,wmbr,15673749
65,"The winter is still here in Boston ‚ùÑÔ∏è 
____
But I won‚Äôt let the weather dictate how I feel about‚Ä¶ https://t.co/eFTIVjTfuC",972087656120291330,-71.0887367,"London, England",42.37076803,2018-03-09 12:32:12,Taz_Ahsan,33920187
66,Beautiful experience this week hosting kurtelling at @berkleecollege with my dear friend‚Ä¶ https://t.co/JEdhtmf1d3,972084872838860802,-71.08704,"Boston,MA",42.34707,2018-03-09 12:21:08,CassMcKinley,19792103
67,ü§ßü§ßü§ß Sheeeeesh Bamas dancing https://t.co/9q9HUEPEJm,972084717775355905,,Michigan State,,2018-03-09 12:20:31,Zboes,256709601
68,"...don't be THAT person.
1.30-3.00pm, studio 3 üí™üèªüíû
[last one!] @ Dance Complex https://t.co/sp3npr2PM1",972084308948242438,-71.10233,"Sitges, Spain",42.36419,2018-03-09 12:18:54,in_jenna_ral,1646463500
69,Cannot wait for the sun to rise on a new season...but...this #snowman family is super cute.‚Ä¶ https://t.co/kewbXOBThk,972083642993430528,-71.1107,"Boston,MA",42.3524,2018-03-09 12:16:15,Emjay1028,28926543
70,Happiness is... a neighborhood you love. { i } https://t.co/hIVBZsGlIb,972079830861828098,-71.08338498,"Boston,MA",42.34858314,2018-03-09 12:01:06,ideaspaceboston,1723062008
71,"Glad that‚Äôs over, lol! ü§∑üèæ‚Äç‚ôÇÔ∏èüòÇ @ Boston Sports Clubs https://t.co/jp7thNQLuv",972079484038938624,-71.1029862,"Boston,MA",42.36571432,2018-03-09 11:59:44,uNoRtHoDoXvOiX,274140304
72,"Today: ‚ÄúWhew, got the #nerevs pennants printed just in time to give them 24 hours to dry and cure...wait, the date should be what?‚Äù",972075833627115520,,02139,,2018-03-09 11:45:13,hoover_dam,35197742
73,"Good Morning Fenway, #letsgoredsox #fenwaypark @ Hotel Commonwealth Boston https://t.co/FSk1jP4SWX",972073343070416896,-71.09509,,42.34849,2018-03-09 11:35:19,loonslice,346897592
74,In 10 mins: Women in country Featured on WMBR's Second Fiddle Program,972046841184432128,-71.083889,"Cambridge, MA",42.362222,2018-03-09 09:50:01,wmbr,15673749
75,In 4 hrs: Women Who Rock on WMBR's Breakfast of Champions Program,972034261682409473,-71.083889,"Cambridge, MA",42.362222,2018-03-09 09:00:02,wmbr,15673749
76,anyway hit me with your colorado recs (besides skiing) as i will be there for the next week,972011685711036416,,"Cambridge, MA",,2018-03-09 07:30:19,Moomoomoo1,23379347
77,but please kill me if i ever pay extra to board a plane early,972004277534187520,,"Cambridge, MA",,2018-03-09 07:00:53,Moomoomoo1,23379347
78,ohhhhh no i have a C 32 boarding position for my southwest flight,972003789061304321,,"Cambridge, MA",,2018-03-09 06:58:56,Moomoomoo1,23379347
79,@naaman All of this looks so good. Jealous.,971990520422526978,,Connecticut,,2018-03-09 06:06:13,kdaigle,4958621
80,In 4 hrs: Women in country Featured on WMBR's Second Fiddle Program,971988961190068224,-71.083889,"Cambridge, MA",42.362222,2018-03-09 06:00:01,wmbr,15673749
81,so how were the biscuits tonight,971985304193138688,,"Cambridge, MA",,2018-03-09 05:45:29,Moomoomoo1,23379347
82,"I'm at Cantab Lounge in Cambridge, MA https://t.co/VLUAW1LQ0t",971980561764909058,-71.10525204,the bay state.,42.36617431,2018-03-09 05:26:39,corruptedcoffin,107590809
83,"For this #InternationalWomensDay, we celebrated by unveiling my image at the #KIImages 2018 image awards ceremony a‚Ä¶ https://t.co/7Url7fQLlz",971958545754345473,,"Cambridge, MA",,2018-03-09 03:59:10,KSadtler,3312870886
84,"Some pairings tonight without alcohol: Aged white tea with ginger leaf, nettle tea, parmigiano‚Ä¶ https://t.co/uiGowjW6Jn",971951573315276800,-71.0977599,"Cambridge, MA",42.36829,2018-03-09 03:31:27,jwadebond,118948695
85,Still amazing.. holy crow - Drinking a King Sue by @theTGBNews at @lordhobobar  ‚Äî https://t.co/VbW9V5eQm4,971951312945516546,-71.0948,"Everett, MA",42.3688,2018-03-09 03:30:25,joeynm,15699021
86,"if you're DIRTYBIRDY on #rftg, I have two words for you: Good game.",971950702628102144,,02139,,2018-03-09 03:28:00,djfoges,341320099
87,https://t.co/IalHPAXTdJ,971949858348290048,,"Kansas City, MO",,2018-03-09 03:24:38,iversenaj,926039389
88,@hels BALLS https://t.co/UWOp9y0SuQ,971945780075483137,,02139,,2018-03-09 03:08:26,hoover_dam,35197742
89,@tressiemcphd ‚ÄúI GOT YOUR BLOCKCHAIN RIGHT HERE PAL‚Äù,971944575765041152,,02139,,2018-03-09 03:03:39,hoover_dam,35197742
90,@BillSimmons Me too. Thank god he walked.,971944470819344384,-71.1036075,"Cambridge, MA",42.36593792,2018-03-09 03:03:14,Rockyoursox321,32877659
91,The MIT Healthcare and Bioinnovation Competition event finalist judges ‚Äî fun to be a part of such a great group of‚Ä¶ https://t.co/NXTRpVj3JP,971944328867319808,,"Boston,MA",,2018-03-09 03:02:40,billgeary,27149735
92,#tbt to last week‚Äôs unforgettable concert at Berklee Performance Center playing @neselovskyi‚Ä¶ https://t.co/OSgBFWvVIV,971943729350234112,-71.08704,NYC,42.34707,2018-03-09 03:00:17,doomisbass,39072046
93,"It would be one thing if Trump actually had at any point in time shown diplomatic ability, but he hasn‚Äôt.",971943152344076288,,"Cambridge, MA",,2018-03-09 02:58:00,kevin_doyle,15926388
94,I‚Äôm all for Trump meeting with Kim Jong Un. I just don‚Äôt think it‚Äôs likely to do much. https://t.co/rFmq5tuLqg,971942340175810562,,"Cambridge, MA",,2018-03-09 02:54:46,kevin_doyle,15926388
95,@kochinstitute‚Äôs unveiling of its new image collection and @erikareinfeld‚Äôs pun-full emceeing FTW! Thank you and co‚Ä¶ https://t.co/y7BOTIjoZZ,971941134212718592,,,,2018-03-09 02:49:58,martamurcia1,117631121
96,@bigbigbigtruck After 2 Eastern,971931790750437376,,02139,,2018-03-09 02:12:51,hoover_dam,35197742
97,u know u been at MIT too long when u characterize ur thermodynamics exam as ‚Äúhard but kinda fun‚Äù,971930655524315136,,02139,,2018-03-09 02:08:20,lizd0m,181470519
98,Happy International Women‚Äôs Day!  Throw Back Thursday! This footage was actually taken by a‚Ä¶ https://t.co/oueFpI78p9,971928708847144960,-71.08705233,"Boston,MA",42.34705943,2018-03-09 02:00:36,VladeGuigni,79611240
99,Tasty and healthy dinner with bae üíï #meatloaf #meatloafwednesday #meatloafdinner #mashedpotatoes‚Ä¶ https://t.co/NGYUnBFEYI,971922952668237824,-71.07959,"Boston,MA",42.35018,2018-03-09 01:37:44,ellie_wanderer_,567214481
100,TFW your Opening Day tickets arrive.. #openingday2018 #RedSoxNation‚Ä¶ https://t.co/FfGoqbR9te,971921480450756608,-71.0971914,,42.34644218,2018-03-09 01:31:53,Gidious89,715425374
101,"Coming at you a little late, but Happy International Women‚Äôs Day from the crew that makes every‚Ä¶ https://t.co/hZyfYr4YQU",971915929864015872,-71.10235,"Boston,MA",42.36374,2018-03-09 01:09:49,LuminariumDance,181021140
102,Lobster roe noodles with short rib üòú @ Island Creek Oyster Bar https://t.co/lMuYEQz3iV,971913772620242944,-71.09535109,"Boston,MA",42.34879262,2018-03-09 01:01:15,speakotosico,57749398
103,Great evening @MITSloan at the #SHBC conference https://t.co/1wPgitnU7a,971912605043515393,,"Boston,MA",,2018-03-09 00:56:36,lfayllon,119602436
104,We absolutely loved those days when we used to do nails.  And specially when a special friend‚Ä¶ https://t.co/xX3XULs7Yj,971910205406576647,-71.0941,"Boston,MA",42.34935,2018-03-09 00:47:04,SwaySpa,1378225670
105,Deerfoot Dash With @lizBethH3 üíîüèÉüèº #heartbreakersrun @ Heartbreak Hill Running Company https://t.co/M7YbijK4PN,971909670511112192,-71.0983524,"Boston,MA",42.3620578,2018-03-09 00:44:57,cory1976,24252926
106,Co-founder @xnomagichash presenting at the ‚ÄúFuture of Defense‚Äù by @BAESystemsInc https://t.co/j0b4n8OUBp,971908768274550784,,"Boston,MA",,2018-03-09 00:41:22,sentenai,4120565549
107,"On the menu tonight - Organic oatmeal with braised beef, sweet pickles, Great Hill Blue Cheese,‚Ä¶ https://t.co/T92NEjejhB",971906185799626753,-71.08335,"√úT: 42.36402,-71.081822",42.36368,2018-03-09 00:31:06,EVOOrestaurant,52749904
108,"2018/03/14: Cambridge, MA, United States: Not/A Workshop (2) https://t.co/r54TSyKcI3 @eddycao https://t.co/OD7uQKpTx4",971905666871853056,-71.1022302,Worldwide,42.3638436,2018-03-09 00:29:02,dancedeets,203930370
109,NHS representing at States! Good luck tomorrow !#MASCDC2018 #Lancersinthehouse https://t.co/OTcOH97zD9,971902921616035840,,Raynham MA,,2018-03-09 00:18:08,Pilottenhs,875028001863471105
110,"In honor of #nationalwomensday, here are a selection of women #ListArtists over the past few‚Ä¶ https://t.co/Uz1bmcTJFm",971897089717407744,-71.08788,"Kendall Square, Cambridge, MA",42.36098,2018-03-08 23:54:57,mitlistarts,39578592
111,Just posted a photo @ Island Creek Oyster Bar https://t.co/4XMmLRNFBg,971896579962654720,-71.09535109,"Boston,MA",42.34879262,2018-03-08 23:52:56,speakotosico,57749398
112,Good crowd at @VentureCafe tonight! https://t.co/cMsheMeb5Z,971895003151728647,,"Cambridge, MA",,2018-03-08 23:46:40,Kristjanfreyr,23436298
113,"I was pretty shocked to see how fast the snow started melting today, while I was in‚Ä¶ https://t.co/wWUf81ReDF",971892628546441216,-71.08035556,"Boston,MA",42.35129444,2018-03-08 23:37:14,Behindthelens01,894915453587533824
114,"I'm at Heartbreak Hill Running Company in Cambridge, MA https://t.co/s2ZVzbhf4B https://t.co/h4hJi8e3Pd",971890500465807360,-71.09857756,"Boston,MA",42.36229294,2018-03-08 23:28:46,cory1976,24252926
115,Meller ‚Ä¢ Kosch ‚Ä¢  Chou ‚Ä¢ Dominici ‚Ä¢ ü•âlead Crimson Aquatics on night 1 of the 11-14 neswimming‚Ä¶ https://t.co/UJ5Vg0JxHc,971887149892145158,-71.09953,"Boston,MA",42.34958,2018-03-08 23:15:27,CrimsonAquatics,121307543
116,"I'm at Island Creek Oyster Bar in Boston, MA https://t.co/AdILzNmtnT",971884334251675648,-71.09516323,"Boston,MA",42.34871639,2018-03-08 23:04:16,speakotosico,57749398
117,"üö® New Cheese Alert üö® squeaky, buttery curds from sweetrowenfarmstead. Perfect for snacking or‚Ä¶ https://t.co/GFjr8xoajb",971881035733585925,-71.09686,"CENTRAL SQ., Cambridge, MA",42.36117,2018-03-08 22:51:10,centralbtlwine,59888158
118,We were so busy being #badasswomen we forgot to mention we‚Äôre pouring three of our favorites:‚Ä¶ https://t.co/BlSgVBQKHy,971876891274575872,-71.09686,"CENTRAL SQ., Cambridge, MA",42.36117,2018-03-08 22:34:42,centralbtlwine,59888158
119,A stones throw from the Green Monster @ Fenway Park https://t.co/iZtAmFfCEy,971876428278005760,-71.0971914,San Francisco,42.34644218,2018-03-08 22:32:51,knucklesamwick,19741636
120,"You heard it right, folks: Elm City Dance Collective has opened up 20 tickets per show for just‚Ä¶ https://t.co/xc3Yu46E1R",971874021682896896,-71.10233,536 Mass Ave. Cambridge MA,42.36419,2018-03-08 22:23:17,DanceComplex,2218022312
121,Come on! They‚Äôre not even trying! https://t.co/iFR4d5LKw1,971873500356104192,,"Cambridge, MA",,2018-03-08 22:21:13,kevin_doyle,15926388
122,i‚Äôm gonna forward all the honks at me to whomever decided this was a good enough job of snow removal. https://t.co/a6rNxoHSwL,971873279190454274,,The Hub of the Universe,,2018-03-08 22:20:20,rcolonna,8294032
123,"Pop of fashion red to this copper‚ù§üíõ
#redhead #copperhair #brightside #brendastarstyles‚Ä¶ https://t.co/hMl2ntgwXD",971872462072963073,-71.08106127,"Boston,MA",42.34982915,2018-03-08 22:17:06,BrendaStarStyle,322050686
124,"Dariusz said I'm all set and I can't wait to get back to the music (at @QAudio in Cambridge, MA) https://t.co/0gMtlTOMXI",971872171940343809,-71.10167027,"Roxbury, MA",42.36377618,2018-03-08 22:15:56,ENIGMUE,55633313
125,Por fin ha llegado el momento!! Ma√±ana empieza al aventura. Harvard Business School HBX https://t.co/kXY5RKb0x3,971866998895505408,,Barcelona-Ibiza-Formentera,,2018-03-08 21:55:23,PabloRomani,147645483
126,@AndrewBeatty That‚Äôs one way to drain a swamp.,971865382976966659,,"Boston,MA",,2018-03-08 21:48:58,jayfallon,814754
127,Great day for a sail #whatsnow? @ Massachusetts Institute of Technology (MIT) https://t.co/LvdjSg36GL,971862546243301376,-71.09167506,"Boston,MA",42.35912365,2018-03-08 21:37:42,caschw,16546529
128,"Happy #internationalwomensday to all the #badass ladies out there. 
.
.
.
@tovelo #tovelo‚Ä¶ https://t.co/PsjxbfoUXW",971862351384326145,-71.0955,"Boston,MA",42.34734,2018-03-08 21:36:55,livemusicimage,3028225342
129,I know where @BCMBB got the idea for those god awful unis. https://t.co/8TkJZEgvpP,971861928506163201,,"Boston,MA",,2018-03-08 21:35:14,jayfallon,814754
130,Lost keys at Mass. Ave and Marlborough. https://t.co/yGRHyx6eoW,971859899771650049,,"Boston,MA",,2018-03-08 21:27:11,jayfallon,814754
131,#InternationalWomenDay #iwd #inspiration #kindness https://t.co/vE4PQ2rbdK,971858955654791169,,"Boston,MA",,2018-03-08 21:23:25,BlueBootsGo,842052783570321408
132,Pork Belly Tostada as the new belly set starting tonight. @lordhobobar #eatlikelords @ Lord Hobo https://t.co/TEXK7qXqfU,971855435832725504,-71.0949,"Boston,MA",42.36873,2018-03-08 21:09:26,mtthwbullock,755194253479936001
133,"ÊØçÊ†° (@ „Éû„Çµ„ÉÅ„É•„Éº„Çª„ÉÉ„ÉÑÂ∑•ÁßëÂ§ßÂ≠¶ - @mit in Cambridge, MA) https://t.co/wd2RNH2Nsi",971855290130890762,-71.09505057,„Çπ„Éà„Éº„ÇØ„ÇπËøë‰ºº„ÅåÊàê„ÇäÁ´ã„Å§‰∏ñÁïå,42.35814752,2018-03-08 21:08:52,icchy_07,65520497
134,Software today is so broken that you can make money selling the same things that 12 year olds made for fun in 1979. https://t.co/AscTrmWtAB,971852066808385536,,MIT,,2018-03-08 20:56:03,futurekennysf,259474329
135,"In 10 mins: Celebrating ""The Divas!"" on WMBR's The Jazz Volcano Program",971850548319223809,-71.083889,"Cambridge, MA",42.362222,2018-03-08 20:50:01,wmbr,15673749
136,@RadioFreeTom 2*background,971848383882301441,,"Boston,MA",,2018-03-08 20:41:25,jayfallon,814754
137,#tbt to the City Music Women in Power concert when these inspirational women shared their‚Ä¶ https://t.co/rTPPCxUChI,971847933866987520,-71.08881712,"Boston,MA",42.34717414,2018-03-08 20:39:38,CityMusicBoston,1954374439
138,@tanyarezak @HBAdventure Yes. Yes I doY,971843731509907456,,02139,,2018-03-08 20:22:56,hoover_dam,35197742
139,"This is my shout out on #internationalwomensday to all the woman who are w/ me today, everyday,‚Ä¶ https://t.co/8dhg4W8Oly",971843054498926592,-71.09686,"CENTRAL SQ., Cambridge, MA",42.36117,2018-03-08 20:20:14,centralbtlwine,59888158
140,@RadioFreeTom Maybe because he‚Äôs a crook?,971841207650353154,,"Boston,MA",,2018-03-08 20:12:54,jayfallon,814754
141,It was sleeting down three minutes ago and now the sun‚Äôs out.,971840030137311232,,"Boston,MA",,2018-03-08 20:08:13,jayfallon,814754
142,Sweaty snow day ¬øüå®? @ Boston Conservatory at Berklee https://t.co/nxVMw4uHpt,971837843017314304,-71.08998, MEX- TX- BOS ,42.34614,2018-03-08 19:59:32,caritosalomon,42777931
143,"@evepeyser Where's the fucking money, you little brat?",971837751006986241,,"Boston,MA",,2018-03-08 19:59:10,jayfallon,814754
144,"@foodwishes Yeah Rumple Minze did that to me, too. IQ really tumbled through the roof.",971836285483708416,,"Boston,MA",,2018-03-08 19:53:20,jayfallon,814754
145,On this #InternationalWomensDay celebrate the strong women in your‚Ä¶ https://t.co/VXw8lm8gv8,971831810631065600,-71.08704,"Boston,MA",42.34707,2018-03-08 19:35:34,ekline1,604513394
146,This Saturday 6:30pm. With guest host @ivanicole Snow won‚Äôt stop the show. @Famefashionshow‚Ä¶ https://t.co/gJhlmiGDjD,971828573836271616,-71.09198,Massachusetts  ,42.36672,2018-03-08 19:22:42,BLNHello,388527739
147,@bbt_yoi  https://t.co/GfuzLTMspk,971820369819701249,,02139,,2018-03-08 18:50:06,hoover_dam,35197742
148,"THE PARTY IS SET!!! VICTOR'S BIRTHDAY EXTRAVAGANCE &amp; PISCES AFFAIR!!! Join us Friday, March 16,‚Ä¶ https://t.co/SgYnUjXseR",971817295004815365,-71.1011,"Boston,MA",42.36348,2018-03-08 18:37:53,WBOP,27690536
149,#ThursdayNights are for flights &amp; bites! Grab your #flightbuddy and share a toast with us [or‚Ä¶ https://t.co/6fU3nH5fOx,971816914539483136,-71.08345,"Boston,MA",42.34872,2018-03-08 18:36:22,BackBaySocial,112888917
150,"Enlist your team and show some love for the 'Tute on Pi Day, March 14. Here's how: https://t.co/QFjlJLdcKr #MIT24 üëã‚Ä¶ https://t.co/fxPhV6tvJ8",971814103256793088,-71.1032591,"Cambridge, MA",42.3647559,2018-03-08 18:25:12,MIT_alumni,20180244
151,Shirts are in! Amazing illustrations done by our friend kevinlearytattoo and printing by our new‚Ä¶ https://t.co/nbdP6t6yIH,971813810838401024,-71.0836,"Cambridge, MA",42.3716,2018-03-08 18:24:02,curiocoffee,3011411781
152,"cats, come sleep on this linoleum block so it softens up to carve",971807259218018306,,02139,,2018-03-08 17:58:00,hoover_dam,35197742
153,"Just a friendly reminder, Opening Day is 2Ô∏è‚É£8Ô∏è‚É£ days away. Not that‚Ä¶ https://t.co/8jaHfus7p0",971805486118039552,-71.0971914,"Boston,MA",42.34644218,2018-03-08 17:50:57,phil_dipietro,20072870
154,@docsane if you got a private room I'm not seeing a problem here,971803171214512128,,02139,,2018-03-08 17:41:45,hoover_dam,35197742
155,"On today's lunch menu - Backroom smoked chicken - apple salad, local arugula, @marketer57 swiss,‚Ä¶ https://t.co/HTh9SbUtoV",971801349926072320,-71.08335,"√úT: 42.36402,-71.081822",42.36368,2018-03-08 17:34:31,EVOOrestaurant,52749904
156,Today is #internationalwomensday and we want to give a shoutout to one of our favorite female‚Ä¶ https://t.co/neqQfwqnO6,971799618806796291,-71.07897,"Boston,MA",42.35081,2018-03-08 17:27:38,DTRModern,55348953
157,"We're #hiring! Read about our latest #job opening here: Lessons Associate - https://t.co/cSbTaDHkTl #Education #Boston, MA #CareerArc",971799497431957504,-71.090008,"Boston,MA",42.3519178,2018-03-08 17:27:10,tmj_bos_edu,21799895
158,"@ajvsell @CathalConlon @RevsPrez Me too, with an archives/library degree!",971799061492850688,,02139,,2018-03-08 17:25:26,hoover_dam,35197742
159,"@franharrington @RevsPrez @MidnightRiders @NErebellion GONNA TAKE A LOT OF THIS SNOW AWAY FROM YOU
THERE'S NOTHING‚Ä¶ https://t.co/6ulNl8n48l",971798908681801729,,02139,,2018-03-08 17:24:49,hoover_dam,35197742
160,Late and oddly dark post of these lovely ladies (weirdly winking self excepted) celebrating‚Ä¶ https://t.co/uO8NJFtv0V,971798109872418819,-71.08720635,"Boston,MA",42.34826391,2018-03-08 17:21:39,khsavage,282148774
161,"Facebook Really Is Spying on You, Just Not Through Your Phone‚Äôs Mic https://t.co/ceBGW3An2J #socialmedia #data #privacy",971797727179784192,-71.1081048,"Cambridge, MA",42.361079,2018-03-08 17:20:07,TwistIMC,149025519
162,"In 4 hrs: Celebrating ""The Divas!"" on WMBR's The Jazz Volcano Program",971792666232066049,-71.083889,"Cambridge, MA",42.362222,2018-03-08 17:00:01,wmbr,15673749
163,Best in snow goes to @mit_alumni ‚ùÑÔ∏è‚ùÑÔ∏è‚ùÑÔ∏è #KSQ @ Kendall/MIT https://t.co/tOv0Kmqlz2,971789863791005697,-71.0862,,42.3623,2018-03-08 16:48:53,kendallcntr,2482716637
164,Happy #internationalwomensday üë©üèº‚Äçüî¨üë©üèæ‚Äç‚öñÔ∏è So lucky &amp; grateful to have the opportunity to work with‚Ä¶ https://t.co/ze8XQBtMit,971789517370703872,-71.09167506,GRR : TYO : BOS,42.35912365,2018-03-08 16:47:30,mollydesu,18040845
165,"‚ùÑÔ∏è Snow day today, back open Friday at 11am ‚ùÑÔ∏è @ Back Bay https://t.co/cnDdsWwfVO",971780655389569024,-71.08035556,"Boston,MA",42.35129444,2018-03-08 16:12:17,castanetboston,23541016
166,It‚Äôs not a snow day but atidypachyderm cares about my mental health and brought me a donut‚Ä¶ https://t.co/JgmOOGJvJh,971779754046246912,-71.07683,,42.36609,2018-03-08 16:08:42,heatherleegee,733444830
167,TONIGHT: Zoses' Promised Beats: Friends for Charity ft. an unreleased lineup and open decks with all proceeds donat‚Ä¶ https://t.co/MEEc5G2mGx,971779233767976960,,"Cambridge, MA 02139",,2018-03-08 16:06:38,zuzubar,54668956
168,"I know Annabelle, I‚Äôd rather hang out at Berklee playing drums too. #futureberkleegrad‚Ä¶ https://t.co/LKlCw3n4gz",971778551107276802,-71.08705233,,42.34705943,2018-03-08 16:03:56,julimorganmusic,370805136
169,@TheBlackNerd https://t.co/6ANDxyGxsz,971775082866597888,,02139,,2018-03-08 15:50:09,hoover_dam,35197742
170,"@RevsPrez @MidnightRiders @NErebellion Hurry boys, they're plowing snow for you",971774853631172609,,02139,,2018-03-08 15:49:14,hoover_dam,35197742
171,you just now noticed this? https://t.co/2udRXaPRJu,971773838223642624,,02139,,2018-03-08 15:45:12,hoover_dam,35197742
172,@uzworm @jtkantor https://t.co/x3JN8KP22s,971773633814319104,,02139,,2018-03-08 15:44:23,hoover_dam,35197742
173,"@HotTimeOldTown @soccermusings ""Maybe they don't want women injured by slide tackles from bigger guys?"" Accidents h‚Ä¶ https://t.co/iBbh8GwUpa",971772648425512966,,02139,,2018-03-08 15:40:28,hoover_dam,35197742
174,First breakout session at @AACSB B-School Symposium!  #AACSBbcds #iLoveFundraising @USFSPTiedemann https://t.co/P5lFvTT73W,971772259856715776,,,,2018-03-08 15:38:56,jesseturtle,168286917
175,@heathpearce https://t.co/VLLMSrpow7,971771881836736513,,02139,,2018-03-08 15:37:25,hoover_dam,35197742
176,We‚Äôve cleared the #snow and will be open regular hours today. Come warm up with some #hot #ramen !,971771250346549248,,"Boston,MA",,2018-03-08 15:34:55,ItadakiBoston,318048540
177,Sunchokes for lunch with jgotsmiles in #KendallSquare at @cloverfoodlab is becoming a weekly‚Ä¶ https://t.co/gWKlCm1EMa,971767727412137990,-71.10165,"Boston,MA",42.364,2018-03-08 15:20:55,alanabuckbee,229573230
178,"If you're looking for work in #Boston, MA, check out this #job: https://t.co/cbCRPN3NDp #Education #Hiring #CareerArc",971765772065284096,-71.090008,"Boston,MA",42.3519178,2018-03-08 15:13:09,tmj_bos_edu,21799895
179,"Happy International Women‚Äôs Day to just a few of the strong, beautiful, and powerful women in my life @CailaQuinn‚Ä¶ https://t.co/JRPDNRcxS4",971757260463640576,,"Boston,MA",,2018-03-08 14:39:19,margorizzi,2734492321
180,Taking back 2 years ago with this outstanding women @susipudjiastuti. Can‚Äôt wait  to see her‚Ä¶ https://t.co/osJ7u1IXLg,971754418134757376,-71.09167506,"New York,NY",42.35912365,2018-03-08 14:28:02,pehoelv69,33851747
181,Yes I‚Äôm a Yankees fan posting a video I shot at #fenway last night in #boston the scenery was‚Ä¶ https://t.co/hr3HTOpQCS,971754227570585600,-71.0971914,"Massachusetts, USA",42.34644218,2018-03-08 14:27:16,jimzervos1,857386491441446912
182,Celebrating #InternationalWomensDay with specialty @UnionSqDonuts üíÅüèº‚Äç‚ôÄÔ∏èüç© https://t.co/RCthJlColf,971751431022706694,,"Boston,MA",,2018-03-08 14:16:10,SmEllen_Fresh,906424448
183,"Beautiful in Boston, but give me spring. https://t.co/L8FkwVH5uY",971750354487476225,,"Boston,MA",,2018-03-08 14:11:53,BostonTweet,17531205
184,"We're #hiring! Click to apply: Lead Operations Associate - https://t.co/r1pTC1W1nW #Boston, MA #Job #Jobs #CareerArc",971748573468438528,-71.1002881,"Boston,MA",42.3476181,2018-03-08 14:04:48,tmj_bos_jobs,37935754
185,Opening Day at Fenway Park is 28 days away! https://t.co/4pbbbHUqP6,971746158157746176,,"Boston,MA",,2018-03-08 13:55:12,BostonTweet,17531205
186,"We‚Äôll be open today, BUT at Noon rather than 11:00. We‚Äôre going slow too... see you for‚Ä¶ https://t.co/UrBXaTWSsB",971745459399200768,-71.09686,"CENTRAL SQ., Cambridge, MA",42.36117,2018-03-08 13:52:26,centralbtlwine,59888158
187,"*clears throat* 

Somerville? More like, WINTERville. 

*high-fives self* https://t.co/3ISVQ6fFuP",971743267472764929,,"Cambridge, MA",,2018-03-08 13:43:43,SpeakkVisually,934520096642551809
188,Today: https://t.co/2NPuKt5wxj,971740006648819713,,02139,,2018-03-08 13:30:46,hoover_dam,35197742
189,@DoofiestDoofz whoa,971739277989154817,,"Cambridge, MA",,2018-03-08 13:27:52,Moomoomoo1,23379347
191,@chrystran Where is yr kickstarter,971738446850117632,,02139,,2018-03-08 13:24:34,hoover_dam,35197742
192,We are closed today.  Stay warm and safe everyone! @ Sway Aveda Spa https://t.co/ONSA94aO6J,971738364029349889,-71.0941,"Boston,MA",42.34935,2018-03-08 13:24:14,SwaySpa,1378225670
193,@SlavaMalamud Blyat!,971737989029220352,,02139,,2018-03-08 13:22:45,hoover_dam,35197742
194,https://t.co/txUBkyKhAB,971736537913315328,,new england,,2018-03-08 13:16:59,icrizzo,41655065
195,Massachusetts 2018... no filter... the 50's are back...#50usstates #massachusetts @ Longfellow‚Ä¶ https://t.co/WgAXMBvDO8,971734388772933632,-71.07527778,,42.36166667,2018-03-08 13:08:26,grantdeans975,150620349
196,"If you're looking for work in #Boston, MA, check out this #job: https://t.co/ddNdqg4yGL #Education #Hiring #CareerArc",971732074154442752,-71.1002881,"Boston,MA",42.3476181,2018-03-08 12:59:15,tmj_bos_edu,21799895
197,Snow still flying over #Boston #charles #longfellow. https://t.co/OpAmIVWoB4,971730015183364097,,"Boston,MA",,2018-03-08 12:51:04,johnmcboston,15830771
198,Snow continues to fall in #CambMA. Please take it slow on the roads this morning and leave plenty of space for thos‚Ä¶ https://t.co/sGf11g3Ove,971729244521947136,,"Cambridge, MA (USA)",,2018-03-08 12:48:00,CambridgePolice,157799302
199,Profiteroles @LittleDonkeyBos #centralsquare #cambridge @ Little Donkey https://t.co/clHBkJ5ZAP,971716454474289154,-71.10154,"Somerville, MA",42.3642899,2018-03-08 11:57:11,blumie,14575152
200,I get the manti every time! @LittleDonkeyBos #centralsquare #cambridge @ Little Donkey https://t.co/2BxHrkYmN1,971715419873701888,-71.10154,"Somerville, MA",42.3642899,2018-03-08 11:53:04,blumie,14575152
201,CLOSED THURSDAY due to snow. We‚Äôre going to keep staff safe and avoid travel this morning. See‚Ä¶ https://t.co/YpBg08Lq4o,971698417960472576,-71.0836,"Cambridge, MA",42.3716,2018-03-08 10:45:30,curiocoffee,3011411781
202,@MattNBCBoston The only plus side of waking up early because your dog wants to go out? Shots like this from‚Ä¶ https://t.co/nhLW2f26K5,971690805072158720,,"Boston,MA",,2018-03-08 10:15:15,duffwho,4707490888
203,@bba0427 ÎîîÏó† ÎìúÎ¶¨Í≤†ÏäµÎãàÎã§,971666964673265664,,02215,,2018-03-08 08:40:31,02215b,190713440
204,@thundacat830 This is like the last episode of @thexfiles when technology takes over the world. But @davidduchovny‚Ä¶ https://t.co/UES3kz4Zsr,971637388710641666,,"Boston,MA",,2018-03-08 06:43:00,Mulder_its_me_x,955190937910734848
205,Ahh. My favorite winter time blizzard game...gunshots or a plow truck hitting rocks? The world may never know.‚Ä¶ https://t.co/SAp7DVhlXj,971636706960125952,,"Boston,MA",,2018-03-08 06:40:17,Mulder_its_me_x,955190937910734848
206,dance bonito dance @LittleDonkeyBos #centralsquare #cambridge @ Little Donkey https://t.co/J3La5dwfSK,971631551048974336,-71.10154,"Somerville, MA",42.3642899,2018-03-08 06:19:48,blumie,14575152
207,https://t.co/VYC3NF9VAV,971626251701010432,,"Boston,MA",,2018-03-08 05:58:45,4Steinbrenner,2242882699
208,@MikePacheFox10 @RonHoonFox10  @FOX10Phoenix https://t.co/ra6R3ByVtC,971625736929918976,,"Boston,MA",,2018-03-08 05:56:42,4Steinbrenner,2242882699
209,In 10 mins: All Female Artists and Feminist Works on WMBR's KGBeats Program,971624055156740096,-71.083889,"Cambridge, MA",42.362222,2018-03-08 05:50:01,wmbr,15673749
210,"2018/03/10: Cambridge, MA, United States: Waacking Sessions Boston https://t.co/8lBmUicnph",971623804974850048,-71.0920689,Worldwide,42.3613361,2018-03-08 05:49:01,dancedeets,203930370
211,@PilarFOX10 The stream replay looks good now. Much better. Let the chatters chat without having to have it all repl‚Ä¶ https://t.co/5zFy0UkyrK,971621296449531905,,"Boston,MA",,2018-03-08 05:39:03,4Steinbrenner,2242882699
